{"cameraMode":{"drawMode":0,"name":"Shaded","section":"Shading Mode"},"sceneLighting":true,"audioPlay":false,"sceneViewState":{"m_AlwaysRefresh":false,"showFog":true,"showSkybox":true,"showFlares":true,"showImageEffects":true,"showParticleSystems":true,"showVisualEffectGraphs":true,"m_FxEnabled":true},"in2DMode":false,"pivot":{"x":0.39346709847450259,"y":3.270366907119751,"z":-3.4258675575256349},"rotation":{"x":0.0055081662721931938,"y":0.99373459815979,"z":-0.0570131354033947,"w":0.0959942638874054},"size":3.2660253047943117,"orthographic":false}